images,labels
Fhl/Fhl030.jpg,0
NAL/Nal091.jpg,1
Ael/Ael425.jpg,0
A2l/Abl155.jpg,0
NLL/nll014.jpg,1
Gzl/gzl22.jpg,0
NIL/Nil031.jpg,1
FDL/Fdl054.jpg,0
Adl/Adl356.jpg,0
NGL/Ngl098.jpg,0
A1l/Aal012.jpg,0
Adl/Adl387.jpg,0
Fgl/Fgl057.jpg,1
Adl/Adl346.jpg,0
NLL/Nll046.jpg,0
New/newl049.jpg,1
Gzl/gzl56.jpg,0
NLL/Nll100.jpg,0
NBL/Nbl076.jpg,0
Gzl/gzl04.jpg,1
FBL/Fbl038.jpg,0
NGL/Ngl029.jpg,0
Fgl/Fgl029.jpg,1
FFL/Ffl078.jpg,0
FCL/Fcl038.jpg,0
A1l/Aal088.jpg,0
NAL/Nal073.jpg,1
FCL/Fcl048.jpg,0
FEL/Fel086.jpg,0
FEL/Fel084.jpg,0
Ael/Ael471.jpg,0
Gal/Gal185.jpg,1
Fhl/Fhl074.jpg,0
Ggl/Ggl044.jpg,0
NLL/Nll104.jpg,0
Fgl/Fgl047.jpg,0
A1l/Aal096.jpg,0
NLL/NLL034.JPG,0
Gcl/Gcl003.jpg,1
NLL/Nll024.jpg,0
NCL/Ncl032.jpg,0
NDL/Ndl027.jpg,0
Gcl/Gcl094.jpg,1
Gzl/gzl42.jpg,0
Gdl/Gdl014.jpg,1
Ggl/Ggl052.jpg,0
NML/Nml039.jpg,0
NML/Nml008.jpg,0
Fhl/Fhl084.jpg,0
A2l/Abl123.jpg,0
Ael/Ael523.jpg,0
NML/Nml067.jpg,0
FFL/FFL020.JPG,1
Ggl/Ggl034.jpg,0
NCL/Ncl100.jpg,0
NML/NML092.jpg,0
NBL/Nbl001.jpg,1
FFL/Ffl066.jpg,0
NCL/Ncl006.jpg,0
A3l/Acl247.jpg,0
NML/Nml049.jpg,0
A2l/Abl163.jpg,0
NBL/Nbl098.jpg,0
Gal/Gal062.jpg,0
NBL/Nbl042.jpg,1
FAL/FAL054.JPG,0
A2l/Abl151.jpg,0
NAL/Nal047.jpg,1
Fgl/Fgl012.jpg,0
New/newl047.jpg,1
NBL/Nbl019.jpg,1
Adl/Adl329.jpg,0
FFL/Ffl082.jpg,0
A2l/Abl185.jpg,0
NIL/Nil035.jpg,0
NLL/Nll004.jpg,1
NGL/Ngl031.jpg,0
NIL/Nil045.jpg,0
Gal/Gal043.jpg,0
Gal/Gal209.jpg,1
Gal/Gal218.jpg,0
Ggl/Ggl042.jpg,0
Ael/Ael508.jpg,0
FCl/Fcl068.jpg,1
Ael/Ael514.jpg,1
Gzl/gzl08.jpg,0
Fll/Fll041.jpg,0
NGL/Ngl062.jpg,1
NML/Nml004.jpg,0
NIL/Nil064.jpg,1
NDL/Ndl025.jpg,0
NCL/Ncl022.jpg,0
NML/Nml081.jpg,1
Adl/Adl337bis.jpg,0
NDL/NDL063.JPG,0
Ggl/Ggl026.jpg,0
NIL/Nil002.jpg,0
Ael/Ael435.jpg,0
FAL/FAL038.JPG,0
NBL/Nbl040.jpg,1
NML/Nml073.jpg,1
Fll/Fll085.jpg,1
A1l/Aal046.jpg,0
A1l/Aal078.jpg,0
Fhl/Fhl070.jpg,0
NCL/Ncl078.jpg,0
NBL/Nbl017.jpg,1
FAL/Fal050.jpg,0
Gzl/gzl36.jpg,0
FBL/Fbl028.jpg,1
New/newl036.jpg,1
NEL/Nel010.jpg,0
NML/Nml010.jpg,0
NIL/Nil070.jpg,1
NDL/Ndl075.jpg,0
Gzl/gzl78.jpg,1
FFL/Ffl014.jpg,0
FCL/Fcl050.jpg,0
NDL/Ndl060.jpg,0
Fhl/Fhl080.jpg,0
NCL/Ncl014.jpg,0
FBL/Fbl040.jpg,0
Gal/Gal006.jpg,0
Fil/Fil006.jpg,1
A3l/Acl207.jpg,0
NLL/Nll042.jpg,0
New/newl039.jpg,0
Adl/Adl325.jpg,0
NLL/Nll002.jpg,1
FEL/Fel072.jpg,0
FCL/Fcl036.jpg,0
NGL/Ngl057.jpg,1
Fil/Fil004.jpg,1
NIL/Nil041.jpg,0
NLL/Nll056.jpg,0
Fhl/Fhl088.jpg,0
NDL/Ndl079.jpg,0
NML/Nml014.jpg,0
NLL/nll022.jpg,0
Fll/Fll108.jpg,1
FBL/Fbl094.jpg,0
NFL/Nfl042.jpg,0
A3l/Acl235.jpg,0
NBL/Nbl010.jpg,1
Ggl/Ggl004.jpg,0
Ael/Ael521.jpg,0
A1l/Aal048.jpg,0
NML/Nml063.jpg,0
New/newl051.jpg,1
Ael/Ael452.jpg,0
NIL/Nil043.jpg,0
NML/Nml020.jpg,1
A1l/Aal056.jpg,0
Ggl/Ggl088.jpg,0
Adl/Adl391.jpg,0
NCL/Ncl071.jpg,0
NBL/Nbl054.jpg,1
FFL/Ffl092.jpg,1
A2l/Abl191.jpg,0
FBL/Fbl044.jpg,0
NLL/Nll048.jpg,0
Gal/Gal222.jpg,0
A3l/Acl215.jpg,0
A1l/Aal044.jpg,0
FBL/Fbl024.jpg,0
A3l/Acl201.jpg,0
NGL/Ngl002.jpg,1
Fgl/Fgl037.jpg,0
NGL/Ngl019.jpg,1
NFL/Nfl074.jpg,0
FBL/Fbl064.jpg,0
Gdl/Gdl021.jpg,1
NGL/Ngl039.jpg,1
FAL/Fal020.jpg,0
FBL/FBL032.JPG,0
NML/Nml002.jpg,0
Gal/Gal230.jpg,0
FDL/FDL052.JPG,1
NGL/Ngl049.jpg,0
Ael/Ael421.jpg,0
FBL/Fbl082.jpg,1
Ael/Ael484.jpg,0
NGL/Ngl021.jpg,1
NAL/Nal088.jpg,1
A2l/Abl127.jpg,0
NDL/Ndl054.jpg,0
NGL/Ngl041.jpg,1
Fil/Fil070.jpg,1
FFL/Ffl062.jpg,0
NIL/Nil066.jpg,1
FEL/Fel024.jpg,0
Fll/Fll087.jpg,0
FCL/Fcl060.jpg,1
NFL/Nfl034.jpg,0
Gcl/Gcl052.jpg,1
Gdl/Gdl037.jpg,1
Gzl/gzl14.jpg,0
FCL/Fcl098.jpg,0
NEL/Nel012.jpg,0
Gal/Gal262.jpg,1
NML/Nml045.jpg,0
A2l/Abl157.jpg,0
A2l/Abl129.jpg,0
NAL/Nal037.jpg,1
NBL/NBL049.JPG,1
FCL/FCL052.JPG,0
A3l/Acl295.jpg,0
FBL/Fbl018.jpg,0
Gzl/gzl66.jpg,0
FBL/Fbl098.jpg,0
FBL/Fbl036.jpg,0
NDL/Ndl021.jpg,0
NGL/Ngl096.jpg,0
NCL/Ncl095.jpg,0
NEL/Nel005.jpg,0
FBL/Fbl022.jpg,0
NCL/Ncl085.jpg,0
NCL/Ncl008.jpg,0
NBL/Nbl100.jpg,0
A3l/Acl263.jpg,0
FFL/FFL002.JPG,0
NCL/Ncl020.jpg,0
NIL/Nil086.jpg,1
New/newl043.jpg,1
FAL/FAL066.JPG,1
Fll/Fll128.jpg,1
NGL/Ngl086.jpg,0
Gal/Gal039.jpg,1
NLL/NLL052.JPG,0
NDL/Ndl012.jpg,0
NHL/Nhl015.jpg,0
Adl/Adl333.jpg,0
Gzl/gzl50.jpg,1
NDL/ndl085.jpg,0
Gal/Gal191.jpg,0
FCL/FCL074.JPG,1
NGL/Ngl088.jpg,1
Fgl/Fgl063.jpg,0
Ael/Ael405.jpg,0
A2l/Abl161.jpg,0
A3l/Acl241.jpg,0
Fll/Fll132.jpg,1
Fll/Fll077.jpg,0
Adl/Adl399.jpg,0
FDL/FDL036.JPG,1
NDL/Ndl074.jpg,0
NAL/Nal084.jpg,1
Ael/Ael444.jpg,0
FAL/FAL006.JPG,1
Fhl/Fhl100.jpg,0
NAL/Nal035.jpg,1
New/newl059.jpg,1
Fhl/Fhl082.jpg,0
NML/Nml051.jpg,0
Gdl/Gdl012.jpg,1
Ael/Ael433.jpg,0
NIL/Nil062.jpg,1
NLL/Nll106.jpg,0
NFL/Nfl050.jpg,0
NAL/Nal008.jpg,1
NEL/Nel008.jpg,0
Gal/Gal211.jpg,1
Gzl/gzl70.jpg,0
NBL/Nbl013.jpg,1
NLL/Nll076.jpg,0
Gzl/gzl58.jpg,0
FEL/Fel092.jpg,0
NBL/Nbl095.jpg,0
A2l/Abl139.jpg,0
FCL/Fcl014.jpg,0
A2l/Abl137.jpg,0
A1l/Aal010.jpg,0
FBL/Fbl092.jpg,0
New/newl032.jpg,1
NML/Nml079.jpg,1
NFL/Nfl036.jpg,0
Ggl/Ggl002.jpg,0
Ggl/Ggl076.jpg,0
New/newl045.jpg,1
Ael/Ael498.jpg,1
A1l/Aal068.jpg,0
FAL/FAL042.JPG,0
Ggl/Ggl008.jpg,0
Fgl/Fgl072.jpg,0
Ggl/Ggl036.jpg,1
Gal/Gal146.jpg,1
A2l/Abl171.jpg,0
NML/Nml087.jpg,0
FCL/Fcl076.jpg,0
A3l/Acl279.jpg,0
New/newl053.jpg,1
Ael/Ael490.jpg,1
Adl/Adl395.jpg,0
NGL/Ngl008.jpg,1
A2l/Abl147.jpg,0
NIL/Nil048.jpg,0
Adl/Adl311.jpg,0
FAL/FAL022.JPG,0
Gal/Gal047.jpg,0
NIL/Nil078.jpg,1
NAL/Nal057.jpg,1
NAL/Nal018.jpg,1
NIL/Nil084.jpg,1
Fll/Fll136.jpg,1
Adl/Adl344.jpg,0
NFL/nfl070.jpg,1
A3l/Acl225.jpg,0
FFL/FFL004.JPG,0
Fgl/Fgl044.jpg,1
A2l/Abl177.jpg,0
Gcl/Gcl058.jpg,1
New/newl014.jpg,1
Fhl/Fhl092.jpg,0
Fil/Fil052.jpg,1
NDL/Ndl009.jpg,0
NGL/Ngl072.jpg,0
A3l/Acl243.jpg,0
FBL/Fbl076.jpg,0
NDL/Ndl039.jpg,0
FCL/Fcl010.jpg,0
Fgl/Fgl074.jpg,0
FEL/Fel080.jpg,0
NGL/NGL010.JPG,1
Fgl/Fgl006.jpg,1
NIL/Nil052.jpg,0
Fgl/Fgl010.jpg,0
Gzl/gzl16.jpg,1
NDL/ndl013.jpg,0
NML/Nml094.jpg,0
Ael/Ael504.jpg,1
Gal/Gal108.jpg,1
NML/Nml024.jpg,1
Gzl/gzl64.jpg,1
FDL/Fdl002.jpg,0
Gal/Gal113.jpg,1
Adl/Adl362.jpg,0
FAL/Fal078.jpg,1
FCL/Fcl044.jpg,1
A1l/Aal066.jpg,0
Gal/Gal216.jpg,0
NCL/Ncl050.jpg,0
FDL/Fdl014.jpg,1
NBL/Nbl046.jpg,1
A3l/Acl203.jpg,0
Gzl/gzl34.jpg,0
Gzl/gzl86.jpg,0
FBL/Fbl080.jpg,0
FDL/Fdl062.jpg,0
New/newl034.jpg,0
FAL/Fal100.jpg,0
A3l/Acl245.jpg,0
Ael/Ael413.jpg,0
Gdl/Gdl034.jpg,1
Ael/Ael496.jpg,1
FCL/Fcl096.jpg,0
FEL/Fel016.jpg,0
Fhl/Fhl046.jpg,1
FCL/Fcl088.jpg,0
Fml/Fml020.jpg,0
NML/Nml085.jpg,0
Gal/Gal220.jpg,1
Ael/Ael481.jpg,0
Fll/Fll019.jpg,0
NLL/Nll040.jpg,0
FBL/FBL058.JPG,1
NGL/Ngl004.jpg,1
NLL/Nll016.jpg,0
FFL/Ffl034.jpg,0
NAL/Nal075.jpg,1
Ggl/Ggl090.jpg,0
A2l/Abl121.jpg,0
NML/Nml047.jpg,0
NIL/Nil008.jpg,0
Adl/Adl305.jpg,1
Gdl/Gdl089.jpg,1
NML/Nml089.jpg,0
Fll/Fll089.jpg,0
Fgl/Fgl023.jpg,0
NDL/Ndl040.jpg,0
Adl/Adl340.jpg,0
FFL/Ffl100.jpg,0
Fll/Fll142.jpg,0
NLL/Nll050.jpg,0
Fll/Fll091.jpg,0
FEL/Fel082.jpg,0
NBL/Nbl006.jpg,1
Fil/Fil008.jpg,1
Gzl/gzl68.jpg,0
NGL/Ngl060.jpg,0
Gal/Gal152.jpg,0
FCL/FCL058.JPG,1
Fll/Fll039.jpg,0
FFL/Ffl010.jpg,0
Ael/Ael494.jpg,1
Fll/Fll071.jpg,1
NDL/Ndl022.jpg,0
FAL/Fal064.jpg,0
Fhl/Fhl040.jpg,0
Gal/Gal033.jpg,0
Ggl/Ggl060.jpg,0
FCL/Fcl090.jpg,0
Ael/Ael446.jpg,0
NIL/Nil088.jpg,1
NBL/Nbl065.jpg,1
Fml/Fml010.jpg,0
NAL/Nal058.jpg,1
Gal/Gal025.jpg,0
NAL/Nal080.jpg,1
FFL/FFL006.JPG,0
NFL/Nfl032.jpg,0
Ael/Ael467.jpg,0
Fll/Fll045.jpg,1
A1l/Aal002bis.jpg,1
NML/Nml071.jpg,0
NFL/Nfl048.jpg,0
NML/Nml077.jpg,1
Ael/Ael431.jpg,0
Ggl/Ggl040.jpg,1
Fgl/Fgl051.jpg,0
NGL/Ngl090.jpg,0
NCL/Ncl063.jpg,0
FBL/Fbl006.jpg,0
NIL/Nil068.jpg,1
FBL/Fbl090.jpg,0
NDL/Ndl058.jpg,0
NGL/Ngl064.jpg,1
A2l/Abl195.jpg,0
Fgl/Fgl083.jpg,1
NAL/Nal099.jpg,1
NGL/Ngl100.jpg,1
Fgl/Fgl068.jpg,0
Gdl/Gdl025.jpg,1
Gbl/Gbl014.jpg,1
NAL/Nal033.jpg,1
FBL/Fbl068.jpg,0
Fhl/Fhl066.jpg,0
Fgl/Fgl018.jpg,1
NGL/Ngl055.jpg,1
FFL/FFL068.JPG,1
FEL/Fel038.jpg,0
Ggl/Ggl050.jpg,1
Fhl/Fhl078.jpg,0
Fhl/Fhl032.jpg,0
A2l/Abl183.jpg,0
NDL/Ndl035.jpg,0
FBL/FBL046.JPG,1
FDL/FDL022.JPG,0
A2l/Abl168.jpg,0
NAL/Nal005.jpg,1
Fgl/Fgl061.jpg,1
A2l/Abl145.jpg,0
Fgl/Fgl055.jpg,0
NDL/Ndl028.jpg,0
Ggl/Ggl006.jpg,0
FAL/FAL044.JPG,0
NGL/Ngl027.jpg,1
FDL/Fdl028.jpg,0
NGL/Ngl092.jpg,0
NGL/Ngl023.jpg,0
Gcl/Gcl073.jpg,0
FBL/Fbl054.jpg,0
Fgl/Fgl036.jpg,0
Gal/Gal010.jpg,0
Gzl/gzl76.jpg,1
FBL/Fbl048.jpg,0
FBL/FBL012.JPG,0
FDL/Fdl030.jpg,0
Fhl/Fhl086.jpg,0
A3l/Acl287.jpg,0
FEL/Fel018.jpg,0
A2l/Abl175.jpg,0
NIL/Nil010.jpg,0
A3l/Acl251.jpg,0
NBL/Nbl060.jpg,1
FEL/Fel074.jpg,0
NLL/Nll020.jpg,0
NGL/Ngl043.jpg,0
Gzl/gzl54.jpg,0
NGL/Ngl084.jpg,1
NFL/Nfl054.jpg,1
A3l/Acl264.jpg,0
NLL/Nll102.jpg,0
FAL/Fal072.jpg,0
FCL/Fcl040.jpg,1
NBL/Nbl088.jpg,0
FBL/FBL020.JPG,1
NIL/Nil096.jpg,1
A2l/Abl112.jpg,0
A2l/Abl165.jpg,0
NAL/Nal002.jpg,1
NBL/Nbl080.jpg,0
NLL/Nll072.jpg,0
A2l/Abl193.jpg,0
NGL/Ngl017.jpg,1
NLL/Nll069.jpg,0
Fgl/Fgl078.jpg,0
Fhl/Fhl042.jpg,0
Fll/Fll083.jpg,0
NAL/Nal070.jpg,1
Fll/Fll069.jpg,1
Ggl/Ggl074.jpg,0
NIL/Nil058.jpg,0
A1l/Aal008.jpg,0
NHL/Nhl009.jpg,1
FAL/Fal090.jpg,0
NFL/Nfl046.jpg,0
A2l/Abl118.jpg,0
NAL/Nal082.jpg,1
NFL/nfl072.jpg,1
A3l/Acl221.jpg,0
Fil/Fil094.jpg,0
FDL/Fdl020.jpg,0
Gal/Gal058.jpg,0
Fhl/Fhl094.jpg,0
Ael/Ael492.jpg,1
A3l/Acl283.jpg,0
Gal/Gal049.jpg,0
FAL/Fal012.jpg,0
NDL/Ndl050.jpg,0
Ael/Ael525.jpg,0
Fil/Fil032.jpg,1
NLL/Nll058.jpg,0
NBL/Nbl063.jpg,1
Gzl/gzl52.jpg,0
FBL/Fbl010.jpg,0
NGL/Ngl053.jpg,0
Ael/Ael517.jpg,0
A2l/Abl141.jpg,0
Ael/Ael401.jpg,0
FFL/FFL008.JPG,0
Gal/Gal240.jpg,1
Gzl/gzl28.jpg,1
FCL/FCL056.JPG,1
NML/Nml012.jpg,0
FEL/Fel070.jpg,0
NCL/Ncl027.jpg,0
Ael/Ael510.jpg,0
Adl/Adl313.jpg,1
Gzl/gzl32.jpg,0
FEL/Fel088.jpg,0
A3l/Acl239.jpg,0
Gzl/gzl80.jpg,0
NIL/Nil029.jpg,0
FCL/Fcl016.jpg,1
NBL/Nbl086.jpg,0
NLL/Nll088.jpg,0
FBL/Fbl056.jpg,0
NIL/Nil100.jpg,1
FEL/Fel002.jpg,0
NML/Nml006.jpg,0
NIL/Nil027.jpg,0
Fll/Fll035.jpg,0
NDL/Ndl033.jpg,0
NML/Nml065.jpg,0
Fhl/Fhl096.jpg,0
A2l/Abl101.jpg,0
NLL/nll026.jpg,0
Fil/Fil010.jpg,1
Fgl/Fgl008.jpg,0
Gcl/Gcl039.jpg,1
Ggl/Ggl062.jpg,0
FBL/Fbl030.jpg,0
NLL/nll032.jpg,0
NDL/Ndl061.jpg,0
FCL/FCL054.JPG,1
A2l/Abl135.jpg,0
NGL/Ngl033.jpg,0
NIL/Nil093.jpg,1
Gzl/gzl12.jpg,1
NIL/Nil033.jpg,0
A2l/Abl167.jpg,0
FCL/Fcl100.jpg,1
Gzl/gzl26.jpg,1
Adl/Adl331.jpg,0
FCL/Fcl032.jpg,0
NAL/Nal044.jpg,1
Fll/Fll023.jpg,0
FEL/Fel096.jpg,0
